[
    {
        "id": 1,
        "priority": 1,
        "action": {
            "type": "block"
        },
        "condition": {
            "urlFilter": "*://*doubleclick.net/*"
        }
    },
    {
        "id": 2,
        "priority": 1,
        "action": {
            "type": "block"
        },
        "condition": {
            "urlFilter": "*://*googleadservices.com/*"
        }
    },
    {
        "id": 3,
        "priority": 1,
        "action": {
          "type": "block"
        },
        "condition": {
          "urlFilter": "popup",
          "resourceTypes": ["sub_frame", "script"]
        }
      },
      {
        "id": 4,
        "priority": 1,
        "action": {
          "type": "block"
        },
        "condition": {
          "urlFilter": "ads",
          "resourceTypes": ["sub_frame", "script"]
        }
      }
  
  
]